{
  "Ansi 6 Color" : {
    "Red Component" : 0.43529411764705883,
    "Color Space" : "sRGB",
    "Blue Component" : 0.59607843137254901,
    "Alpha Component" : 1,
    "Green Component" : 0.6470588235294118
  },
  "Tags" : [

  ],
  "Ansi 12 Color" : {
    "Red Component" : 0.098039215686274508,
    "Color Space" : "sRGB",
    "Blue Component" : 0.77647058823529413,
    "Alpha Component" : 1,
    "Green Component" : 0.59215686274509804
  },
  "Ansi 0 Color" : {
    "Red Component" : 0.019607843137254902,
    "Color Space" : "sRGB",
    "Blue Component" : 0.011764705882352941,
    "Alpha Component" : 1,
    "Green Component" : 0.011764705882352941
  },
  "Normal Font" : "KnackNerdFontComplete 14",
  "Bold Color" : {
    "Red Component" : 0.73725490196078436,
    "Color Space" : "sRGB",
    "Blue Component" : 0.070588235294117646,
    "Alpha Component" : 1,
    "Green Component" : 0.098039215686274508
  },
  "Horizontal Spacing" : 1,
  "Ansi 4 Color" : {
    "Red Component" : 0.058823529411764705,
    "Color Space" : "sRGB",
    "Blue Component" : 0.77647058823529413,
    "Alpha Component" : 1,
    "Green Component" : 0.28627450980392155
  },
  "Custom Directory" : "No",
  "Rows" : 25,
  "Default Bookmark" : "No",
  "Non-ASCII Anti Aliased" : true,
  "Use Bright Bold" : true,
  "Ansi 10 Color" : {
    "Red Component" : 0.61960784313725492,
    "Color Space" : "sRGB",
    "Blue Component" : 0.43137254901960786,
    "Alpha Component" : 1,
    "Green Component" : 0.98039215686274506
  },
  "Ambiguous Double Width" : false,
  "Jobs to Ignore" : [
    "rlogin",
    "ssh",
    "slogin",
    "telnet"
  ],
  "Ansi 15 Color" : {
    "Red Component" : 0.96470588235294119,
    "Color Space" : "sRGB",
    "Blue Component" : 0.98431372549019602,
    "Alpha Component" : 1,
    "Green Component" : 0.96078431372549022
  },
  "Foreground Color" : {
    "Red Component" : 0.97254901960784312,
    "Color Space" : "sRGB",
    "Blue Component" : 0.75294117647058822,
    "Alpha Component" : 1,
    "Green Component" : 0.85882352941176465
  },
  "Working Directory" : "\/Users\/esnilara",
  "Blinking Cursor" : true,
  "Disable Window Resizing" : true,
  "Sync Title" : false,
  "Prompt Before Closing 2" : false,
  "BM Growl" : true,
  "Command" : "",
  "Description" : "Default",
  "Mouse Reporting" : true,
  "Screen" : -1,
  "Selection Color" : {
    "Green Component" : 0.8353000283241272,
    "Blue Component" : 1,
    "Red Component" : 0.70980000495910645
  },
  "Only The Default BG Color Uses Transparency" : false,
  "Columns" : 80,
  "Idle Code" : 0,
  "Ansi 13 Color" : {
    "Red Component" : 0.60784313725490191,
    "Color Space" : "sRGB",
    "Blue Component" : 0.32156862745098042,
    "Alpha Component" : 1,
    "Green Component" : 0.34901960784313724
  },
  "Custom Command" : "No",
  "ASCII Anti Aliased" : true,
  "Non Ascii Font" : "Monaco 12",
  "Vertical Spacing" : 1,
  "Use Bold Font" : true,
  "Option Key Sends" : 0,
  "Selected Text Color" : {
    "Green Component" : 0,
    "Blue Component" : 0,
    "Red Component" : 0
  },
  "Background Color" : {
    "Red Component" : 0.12156862745098039,
    "Color Space" : "sRGB",
    "Blue Component" : 0.26666666666666666,
    "Alpha Component" : 1,
    "Green Component" : 0.10980392156862745
  },
  "Character Encoding" : 4,
  "Ansi 11 Color" : {
    "Red Component" : 0.93725490196078431,
    "Color Space" : "sRGB",
    "Blue Component" : 0.098039215686274508,
    "Alpha Component" : 1,
    "Green Component" : 0.75686274509803919
  },
  "Use Italic Font" : true,
  "Unlimited Scrollback" : false,
  "Keyboard Map" : {
    "0xf700-0x260000" : {
      "Action" : 10,
      "Text" : "[1;6A"
    },
    "0x37-0x40000" : {
      "Action" : 11,
      "Text" : "0x1f"
    },
    "0x32-0x40000" : {
      "Action" : 11,
      "Text" : "0x00"
    },
    "0xf709-0x20000" : {
      "Action" : 10,
      "Text" : "[17;2~"
    },
    "0xf70c-0x20000" : {
      "Action" : 10,
      "Text" : "[20;2~"
    },
    "0xf729-0x20000" : {
      "Action" : 10,
      "Text" : "[1;2H"
    },
    "0xf72b-0x40000" : {
      "Action" : 10,
      "Text" : "[1;5F"
    },
    "0xf705-0x20000" : {
      "Action" : 10,
      "Text" : "[1;2Q"
    },
    "0xf703-0x260000" : {
      "Action" : 10,
      "Text" : "[1;6C"
    },
    "0xf700-0x220000" : {
      "Action" : 10,
      "Text" : "[1;2A"
    },
    "0xf701-0x280000" : {
      "Action" : 11,
      "Text" : "0x1b 0x1b 0x5b 0x42"
    },
    "0x38-0x40000" : {
      "Action" : 11,
      "Text" : "0x7f"
    },
    "0x33-0x40000" : {
      "Action" : 11,
      "Text" : "0x1b"
    },
    "0xf703-0x220000" : {
      "Action" : 10,
      "Text" : "[1;2C"
    },
    "0xf701-0x240000" : {
      "Action" : 10,
      "Text" : "[1;5B"
    },
    "0xf70d-0x20000" : {
      "Action" : 10,
      "Text" : "[21;2~"
    },
    "0xf702-0x260000" : {
      "Action" : 10,
      "Text" : "[1;6D"
    },
    "0xf729-0x40000" : {
      "Action" : 10,
      "Text" : "[1;5H"
    },
    "0xf706-0x20000" : {
      "Action" : 10,
      "Text" : "[1;2R"
    },
    "0x34-0x40000" : {
      "Action" : 11,
      "Text" : "0x1c"
    },
    "0xf700-0x280000" : {
      "Action" : 11,
      "Text" : "0x1b 0x1b 0x5b 0x41"
    },
    "0x2d-0x40000" : {
      "Action" : 11,
      "Text" : "0x1f"
    },
    "0xf70e-0x20000" : {
      "Action" : 10,
      "Text" : "[23;2~"
    },
    "0xf702-0x220000" : {
      "Action" : 10,
      "Text" : "[1;2D"
    },
    "0xf703-0x280000" : {
      "Action" : 11,
      "Text" : "0x1b 0x1b 0x5b 0x43"
    },
    "0xf700-0x240000" : {
      "Action" : 10,
      "Text" : "[1;5A"
    },
    "0xf707-0x20000" : {
      "Action" : 10,
      "Text" : "[1;2S"
    },
    "0xf70a-0x20000" : {
      "Action" : 10,
      "Text" : "[18;2~"
    },
    "0x35-0x40000" : {
      "Action" : 11,
      "Text" : "0x1d"
    },
    "0xf70f-0x20000" : {
      "Action" : 10,
      "Text" : "[24;2~"
    },
    "0xf703-0x240000" : {
      "Action" : 10,
      "Text" : "[1;5C"
    },
    "0xf701-0x260000" : {
      "Action" : 10,
      "Text" : "[1;6B"
    },
    "0xf702-0x280000" : {
      "Action" : 11,
      "Text" : "0x1b 0x1b 0x5b 0x44"
    },
    "0xf72b-0x20000" : {
      "Action" : 10,
      "Text" : "[1;2F"
    },
    "0x36-0x40000" : {
      "Action" : 11,
      "Text" : "0x1e"
    },
    "0xf708-0x20000" : {
      "Action" : 10,
      "Text" : "[15;2~"
    },
    "0xf701-0x220000" : {
      "Action" : 10,
      "Text" : "[1;2B"
    },
    "0xf70b-0x20000" : {
      "Action" : 10,
      "Text" : "[19;2~"
    },
    "0xf702-0x240000" : {
      "Action" : 10,
      "Text" : "[1;5D"
    },
    "0xf704-0x20000" : {
      "Action" : 10,
      "Text" : "[1;2P"
    }
  },
  "Window Type" : 1,
  "Cursor Type" : 2,
  "Background Image Location" : "",
  "Blur" : false,
  "Scrollback Lines" : 1000,
  "Send Code When Idle" : false,
  "Close Sessions On End" : true,
  "Terminal Type" : "xterm-256color",
  "Visual Bell" : true,
  "Flashing Bell" : false,
  "Silence Bell" : false,
  "Ansi 14 Color" : {
    "Red Component" : 0.78431372549019607,
    "Color Space" : "sRGB",
    "Blue Component" : 0.95686274509803926,
    "Alpha Component" : 1,
    "Green Component" : 0.98039215686274506
  },
  "Name" : "esnilara",
  "Cursor Text Color" : {
    "Green Component" : 1,
    "Blue Component" : 1,
    "Red Component" : 1
  },
  "Minimum Contrast" : 0.36778675426136365,
  "Shortcut" : "",
  "Cursor Color" : {
    "Red Component" : 0.93725490196078431,
    "Color Space" : "sRGB",
    "Blue Component" : 0.21568627450980393,
    "Alpha Component" : 1,
    "Green Component" : 0.74901960784313726
  },
  "Transparency" : 0.067100253807106602,
  "Guid" : "0472B83C-D20E-46A1-9679-5882E4695CC4",
  "Ansi 1 Color" : {
    "Red Component" : 0.73725490196078436,
    "Color Space" : "sRGB",
    "Blue Component" : 0.070588235294117646,
    "Alpha Component" : 1,
    "Green Component" : 0.098039215686274508
  },